TIME,TEMP,HUM,BATT,SDCARD,RSSI,LIGHT,NOISE_A,MPL_PRESS,AS7331_UVA,AS7331_UVB,AS7331_UVA
ISO 8601,C,%,%,Present,dBm,lux,dBA,kPa,uW/cm2,uW/cm2,uW/cm2
Time,Temperature,Humidity,Battery,SD card,WiFi RSSI,Light,Noise dBA,MPL Barometric pressure,AS7331 UVA,AS7331 UVB,AS7331 UVC
,55,56,10,221,220,14,53,58,214,215,216
2025-01-22T00:00:20Z,9.45,95.14,90,1,null,0,35.46,101.10,0.00,0.00,0.00
2025-01-22T00:01:20Z,9.41,95.06,90,1,-88,0,34.93,101.11,0.00,0.00,0.00
2025-01-22T00:02:20Z,9.35,96.27,90,1,null,0,38.19,101.11,0.00,0.00,0.00
2025-01-22T00:03:23Z,9.41,96.71,89,1,null,0,36.98,101.11,0.00,0.00,0.00
2025-01-22T00:04:23Z,9.32,97.20,90,1,-87,0,35.87,101.11,0.00,0.00,0.00
2025-01-22T00:05:23Z,9.26,98.08,90,1,null,0,30.04,101.12,0.00,0.00,0.00
2025-01-22T00:06:23Z,9.26,98.57,90,1,null,0,40.04,101.11,0.00,0.00,0.00
2025-01-22T00:07:23Z,9.31,98.40,90,1,-90,0,34.97,101.10,0.00,0.00,0.00
2025-01-22T00:08:23Z,9.41,97.50,90,1,null,0,38.21,101.10,0.00,0.00,0.00
2025-01-22T00:09:23Z,9.41,96.46,90,1,null,0,34.15,101.11,0.00,0.00,0.00
2025-01-22T00:10:23Z,9.27,96.70,90,1,-88,0,43.86,101.12,0.00,0.00,0.00
2025-01-22T00:11:23Z,9.18,98.60,90,1,null,0,27.04,101.12,0.00,0.00,0.00
2025-01-22T00:12:23Z,9.14,98.31,90,1,null,0,31.64,101.13,0.00,0.00,0.00
2025-01-22T00:13:23Z,9.14,97.94,90,1,-88,0,41.36,101.12,0.00,0.00,0.00
2025-01-22T00:14:23Z,9.20,97.88,90,1,null,0,33.47,101.11,0.00,0.00,0.00
2025-01-22T00:15:23Z,9.37,98.63,90,1,null,0,34.31,101.10,0.00,0.00,0.00
2025-01-22T00:16:23Z,9.34,97.60,90,1,-87,0,40.45,101.10,0.00,0.00,0.00
2025-01-22T00:17:23Z,9.32,98.25,90,1,null,0,39.28,101.11,0.00,0.00,0.00
2025-01-22T00:18:23Z,9.32,98.18,90,1,null,0,44.46,101.10,0.00,0.00,0.00
2025-01-22T00:19:30Z,9.47,97.99,89,1,-86,0,41.54,101.09,0.00,0.00,0.00
2025-01-22T00:20:30Z,9.55,98.44,90,1,null,0,42.23,101.09,0.00,0.00,0.00
2025-01-22T00:21:30Z,9.65,98.32,90,1,null,0,38.20,101.08,0.00,0.00,0.00
2025-01-22T00:22:30Z,9.58,98.20,90,1,-86,0,37.11,101.09,0.00,0.00,0.00
2025-01-22T00:23:30Z,9.49,97.73,90,1,null,0,35.41,101.10,0.00,0.00,0.00
2025-01-22T00:24:30Z,9.42,98.02,90,1,null,0,30.40,101.10,0.00,0.00,0.00
2025-01-22T00:25:30Z,9.44,97.99,90,1,-90,0,43.36,101.10,0.00,0.00,0.00
2025-01-22T00:26:30Z,9.42,98.72,90,1,null,0,34.30,101.09,0.00,0.00,0.00
2025-01-22T00:27:30Z,9.51,99.12,90,1,null,0,41.65,101.09,0.00,0.00,0.00
2025-01-22T00:28:30Z,9.58,98.05,90,1,-89,0,35.08,101.08,0.00,0.00,0.00
2025-01-22T00:29:30Z,9.63,98.13,90,1,null,0,32.67,101.09,0.00,0.00,0.00
2025-01-22T00:30:30Z,9.41,96.66,89,1,null,0,39.23,101.09,0.00,0.00,0.00
2025-01-22T00:31:30Z,9.32,97.57,90,1,-90,0,32.52,101.09,0.00,0.00,0.00
2025-01-22T00:32:30Z,9.38,98.49,89,1,null,0,40.17,101.10,0.00,0.00,0.00
2025-01-22T00:33:30Z,9.41,97.61,90,1,null,0,31.87,101.10,0.00,0.00,0.00
2025-01-22T00:34:30Z,9.32,97.94,90,1,-90,0,35.23,101.10,0.00,0.00,0.00
2025-01-22T00:35:33Z,9.26,97.19,89,1,null,0,40.60,101.10,0.00,0.00,0.00
2025-01-22T00:36:33Z,9.37,97.45,90,1,null,0,36.98,101.10,0.00,0.00,0.00
2025-01-22T00:37:33Z,9.27,97.29,90,1,-85,0,36.26,101.09,0.00,0.00,0.00
2025-01-22T00:38:33Z,9.21,97.27,90,1,null,0,36.16,101.11,0.00,0.00,0.00
2025-01-22T00:39:33Z,9.15,96.30,90,1,null,0,35.45,101.10,0.00,0.00,0.00
2025-01-22T00:40:33Z,9.13,96.34,89,1,-87,0,41.74,101.11,0.00,0.00,0.00
2025-01-22T00:41:33Z,9.14,98.44,90,1,null,0,33.27,101.10,0.00,0.00,0.00
2025-01-22T00:42:33Z,9.32,98.69,89,1,null,0,36.14,101.09,0.00,0.00,0.00
2025-01-22T00:43:33Z,9.39,98.72,89,1,-85,0,37.97,101.09,0.00,0.00,0.00
2025-01-22T00:44:33Z,9.32,98.28,89,1,null,0,38.91,101.08,0.00,0.00,0.00
2025-01-22T00:45:33Z,9.47,97.17,89,1,null,0,34.92,101.07,0.00,0.00,0.00
2025-01-22T00:46:33Z,9.35,96.32,89,1,-84,0,36.74,101.08,0.00,0.00,0.00
2025-01-22T00:47:33Z,9.37,97.00,89,1,null,0,36.77,101.08,0.00,0.00,0.00
2025-01-22T00:48:33Z,9.31,97.54,89,1,null,0,32.56,101.08,0.00,0.00,0.00
2025-01-22T00:49:33Z,9.27,98.06,89,1,-85,0,37.01,101.09,0.00,0.00,0.00
2025-01-22T00:50:33Z,9.31,97.99,89,1,null,0,38.42,101.08,0.00,0.00,0.00
2025-01-22T00:51:40Z,9.42,97.51,89,1,null,0,37.50,101.08,0.00,0.00,0.00
2025-01-22T00:52:40Z,9.49,97.95,89,1,-86,0,46.56,101.08,0.00,0.00,0.00
2025-01-22T00:53:40Z,9.63,97.71,89,1,null,0,33.50,101.08,0.00,0.00,0.00
2025-01-22T00:54:40Z,9.73,97.90,89,1,null,0,39.76,101.07,0.00,0.00,0.00
2025-01-22T00:55:40Z,9.66,97.40,89,1,-87,0,38.13,101.08,0.00,0.00,0.00
2025-01-22T00:56:40Z,9.63,96.63,89,1,null,0,40.59,101.08,0.00,0.00,0.00
2025-01-22T00:57:40Z,9.41,96.24,89,1,null,0,43.44,101.08,0.00,0.00,0.00
2025-01-22T00:58:40Z,9.30,96.74,89,1,-86,0,39.10,101.08,0.00,0.00,0.00
2025-01-22T00:59:40Z,9.39,96.66,89,1,null,0,37.13,101.08,0.00,0.00,0.00
2025-01-22T01:00:40Z,9.39,96.28,90,1,null,0,28.09,101.08,0.00,0.00,0.00
2025-01-22T01:01:40Z,9.49,96.39,89,1,-86,0,42.37,101.07,0.00,0.00,0.00
2025-01-22T01:02:40Z,9.59,96.34,89,1,null,0,30.98,101.07,0.00,0.00,0.00
2025-01-22T01:03:40Z,9.60,96.21,89,1,null,0,36.44,101.06,0.00,0.00,0.00
2025-01-22T01:04:40Z,9.60,96.74,89,1,-87,0,36.45,101.06,0.00,0.00,0.00
2025-01-22T01:05:40Z,9.66,96.28,89,1,null,0,37.05,101.07,0.00,0.00,0.00
2025-01-22T01:06:40Z,9.70,95.52,89,1,null,0,42.47,101.06,0.00,0.00,0.00
2025-01-22T01:07:45Z,9.65,95.56,89,1,-84,0,30.67,101.06,0.00,0.00,0.00
2025-01-22T01:08:45Z,9.67,95.81,89,1,null,0,36.56,101.06,0.00,0.00,0.00
2025-01-22T01:09:45Z,9.70,96.22,89,1,null,0,35.79,101.06,0.00,0.00,0.00
2025-01-22T01:10:45Z,9.63,96.03,89,1,-84,0,44.87,101.05,0.00,0.00,0.00
2025-01-22T01:11:45Z,9.67,95.61,89,1,null,0,34.71,101.06,0.00,0.00,0.00
2025-01-22T01:12:45Z,9.65,95.69,89,1,null,0,27.77,101.05,0.00,0.00,0.00
2025-01-22T01:13:45Z,9.62,95.53,89,1,-87,0,32.25,101.05,0.00,0.00,0.00
2025-01-22T01:14:45Z,9.72,95.54,89,1,null,0,36.12,101.05,0.00,0.00,0.00
2025-01-22T01:15:45Z,9.66,96.05,89,1,null,0,35.86,101.06,0.00,0.00,0.00
2025-01-22T01:16:45Z,9.67,96.32,89,1,-90,0,37.93,101.06,0.00,0.00,0.00
2025-01-22T01:17:45Z,9.67,96.71,89,1,null,0,39.30,101.05,0.00,0.00,0.00
2025-01-22T01:18:45Z,9.63,97.05,89,1,null,0,47.74,101.05,0.00,0.00,0.00
2025-01-22T01:19:45Z,9.77,97.07,89,1,-84,0,37.13,101.05,0.00,0.00,0.00
2025-01-22T01:20:45Z,9.86,97.09,89,1,null,0,35.16,101.05,0.00,0.00,0.00
2025-01-22T01:21:45Z,9.94,97.32,89,1,null,0,42.43,101.05,0.00,0.00,0.00
2025-01-22T01:22:45Z,9.93,96.97,89,1,-83,0,33.00,101.05,0.00,0.00,0.00
2025-01-22T01:23:48Z,9.99,96.62,89,1,null,0,34.10,101.05,0.00,0.00,0.00
2025-01-22T01:24:48Z,9.92,97.08,89,1,null,0,30.29,101.05,0.00,0.00,0.00
2025-01-22T01:25:48Z,9.82,97.18,89,1,-83,0,32.27,101.04,0.00,0.00,0.00
2025-01-22T01:26:48Z,9.70,97.62,89,1,null,0,41.66,101.04,0.00,0.00,0.00
2025-01-22T01:27:48Z,9.67,98.02,89,1,null,0,38.21,101.05,0.00,0.00,0.00
2025-01-22T01:28:48Z,9.73,98.10,89,1,-84,0,37.50,101.04,0.00,0.00,0.00
2025-01-22T01:29:48Z,9.72,97.73,89,1,null,0,32.63,101.03,0.00,0.00,0.00
2025-01-22T01:30:48Z,9.66,98.11,89,1,null,0,43.07,101.03,0.00,0.00,0.00
2025-01-22T01:31:48Z,9.76,98.03,89,1,-85,0,34.08,101.03,0.00,0.00,0.00
2025-01-22T01:32:48Z,9.77,97.62,89,1,null,0,34.35,101.04,0.00,0.00,0.00
2025-01-22T01:33:48Z,9.73,97.77,89,1,null,0,33.53,101.03,0.00,0.00,0.00
2025-01-22T01:34:48Z,9.69,97.70,89,1,-87,0,35.08,101.04,0.00,0.00,0.00
2025-01-22T01:35:48Z,9.63,97.65,89,1,null,0,39.27,101.04,0.00,0.00,0.00
2025-01-22T01:36:48Z,9.70,98.00,89,1,null,0,37.38,101.03,0.00,0.00,0.00
2025-01-22T01:37:48Z,9.82,97.64,89,1,-85,0,43.20,101.03,0.00,0.00,0.00
2025-01-22T01:38:48Z,9.85,98.09,89,1,null,0,40.57,101.03,0.00,0.00,0.00
2025-01-22T01:39:51Z,9.94,98.15,89,1,null,0,48.76,101.04,0.00,0.00,0.00
2025-01-22T01:40:51Z,10.00,97.70,89,1,-86,0,49.36,101.04,0.00,0.00,0.00
2025-01-22T01:41:51Z,9.94,97.39,89,1,null,0,46.56,101.04,0.00,0.00,0.00
2025-01-22T01:42:51Z,9.90,97.44,89,1,null,0,42.52,101.04,0.00,0.00,0.00
2025-01-22T01:43:51Z,9.90,97.80,89,1,-86,0,44.99,101.03,0.00,0.00,0.00
2025-01-22T01:44:51Z,9.90,97.62,89,1,null,0,47.92,101.04,0.00,0.00,0.00
2025-01-22T01:45:51Z,9.92,97.77,89,1,null,0,39.74,101.04,0.00,0.00,0.00
2025-01-22T01:46:51Z,9.97,98.22,89,1,-86,0,42.24,101.04,0.00,0.00,0.00
2025-01-22T01:47:51Z,10.04,98.22,89,1,null,0,34.57,101.04,0.00,0.00,0.00
2025-01-22T01:48:51Z,10.09,97.99,89,1,null,0,35.54,101.03,0.00,0.00,0.00
2025-01-22T01:49:51Z,10.01,97.90,89,1,-86,0,35.58,101.03,0.00,0.00,0.00
2025-01-22T01:50:51Z,10.03,98.20,89,1,null,0,41.01,101.03,0.00,0.00,0.00
2025-01-22T01:51:51Z,10.00,98.06,89,1,null,0,30.93,101.03,0.00,0.00,0.00
2025-01-22T01:52:51Z,9.94,97.95,89,1,-86,0,31.66,101.02,0.00,0.00,0.00
2025-01-22T01:53:51Z,9.89,97.88,89,1,null,0,39.29,101.02,0.00,0.00,0.00
2025-01-22T01:54:51Z,9.83,97.83,89,1,null,0,34.60,101.02,0.00,0.00,0.00
2025-01-22T01:55:54Z,9.83,97.91,89,1,-86,0,38.18,101.02,0.00,0.00,0.00
2025-01-22T01:56:54Z,9.82,97.48,89,1,null,0,33.18,101.02,0.00,0.00,0.00
2025-01-22T01:57:54Z,9.79,97.20,89,1,null,0,27.40,101.02,0.00,0.00,0.00
2025-01-22T01:58:54Z,9.72,97.04,89,1,-86,0,37.80,101.01,0.00,0.00,0.00
2025-01-22T01:59:54Z,9.69,97.43,89,1,null,0,41.57,101.02,0.00,0.00,0.00
2025-01-22T02:00:54Z,9.67,97.80,89,1,null,0,39.17,101.02,0.00,0.00,0.00
2025-01-22T02:01:54Z,9.65,97.33,89,1,-86,0,36.80,101.01,0.00,0.00,0.00
2025-01-22T02:02:54Z,9.62,97.19,89,1,null,0,33.14,101.01,0.00,0.00,0.00
2025-01-22T02:03:54Z,9.62,97.29,89,1,null,0,33.97,101.01,0.00,0.00,0.00
2025-01-22T02:04:54Z,9.62,97.28,89,1,-86,0,28.28,101.02,0.00,0.00,0.00
2025-01-22T02:05:54Z,9.62,98.49,89,1,null,0,32.62,101.02,0.00,0.00,0.00
2025-01-22T02:06:54Z,9.66,98.46,89,1,null,0,38.71,101.01,0.00,0.00,0.00
2025-01-22T02:07:54Z,9.73,98.79,89,1,-86,0,35.78,101.01,0.00,0.00,0.00
2025-01-22T02:08:54Z,9.77,98.58,89,1,null,0,37.94,101.01,0.00,0.00,0.00
2025-01-22T02:09:54Z,9.77,98.43,89,1,null,0,39.72,101.01,0.00,0.00,0.00
2025-01-22T02:10:54Z,9.76,98.65,89,1,-87,0,33.18,101.02,0.00,0.00,0.00
2025-01-22T02:11:57Z,9.82,98.40,88,1,null,0,38.19,101.01,0.00,0.00,0.00
2025-01-22T02:12:57Z,9.85,98.12,89,1,null,0,45.88,101.00,0.00,0.00,0.00
2025-01-22T02:13:57Z,9.82,98.44,89,1,-87,0,46.38,101.00,0.00,0.00,0.00
2025-01-22T02:14:57Z,9.80,98.86,89,1,null,0,33.21,101.01,0.00,0.00,0.00
2025-01-22T02:15:57Z,9.73,97.54,89,1,null,0,38.43,101.01,0.00,0.00,0.00
2025-01-22T02:16:57Z,9.62,98.51,89,1,-85,0,29.42,101.02,0.00,0.00,0.00
2025-01-22T02:17:57Z,9.66,98.87,89,1,null,0,36.64,101.01,0.00,0.00,0.00
2025-01-22T02:18:57Z,9.58,99.19,89,1,null,0,38.20,101.00,0.00,0.00,0.00
2025-01-22T02:19:57Z,9.60,99.35,89,1,-85,0,31.45,101.00,0.00,0.00,0.00
2025-01-22T02:20:57Z,9.60,99.49,89,1,null,0,35.76,101.00,0.00,0.00,0.00
2025-01-22T02:21:57Z,9.62,99.10,89,1,null,0,42.00,101.00,0.00,0.00,0.00
2025-01-22T02:22:57Z,9.58,98.86,89,1,-85,0,42.83,101.00,0.00,0.00,0.00
2025-01-22T02:23:57Z,9.54,99.14,89,1,null,0,37.85,101.00,0.00,0.00,0.00
2025-01-22T02:24:57Z,9.51,98.84,89,1,null,0,36.38,100.99,0.00,0.00,0.00
2025-01-22T02:25:57Z,9.51,98.97,89,1,-85,0,34.63,101.00,0.00,0.00,0.00
2025-01-22T02:26:57Z,9.47,98.63,89,1,null,0,27.94,101.00,0.00,0.00,0.00
2025-01-22T02:28:00Z,9.48,98.96,88,1,null,0,35.53,101.00,0.00,0.00,0.00
2025-01-22T02:29:00Z,9.48,98.81,89,1,-86,0,40.59,101.00,0.00,0.00,0.00
2025-01-22T02:30:00Z,9.42,98.74,89,1,null,0,40.74,101.00,0.00,0.00,0.00
2025-01-22T02:31:00Z,9.44,99.00,89,1,null,0,39.88,101.00,0.00,0.00,0.00
2025-01-22T02:32:00Z,9.45,99.01,89,1,-84,0,40.64,101.00,0.00,0.00,0.00
2025-01-22T02:33:00Z,9.52,99.09,89,1,null,0,37.77,101.00,0.00,0.00,0.00
2025-01-22T02:34:00Z,9.52,98.80,89,1,null,0,40.14,101.01,0.00,0.00,0.00
2025-01-22T02:35:00Z,9.49,98.71,89,1,-85,0,41.45,101.01,0.00,0.00,0.00
2025-01-22T02:36:00Z,9.49,98.72,89,1,null,0,39.71,101.01,0.00,0.00,0.00
2025-01-22T02:37:00Z,9.45,98.91,89,1,null,0,33.46,101.01,0.00,0.00,0.00
2025-01-22T02:38:00Z,9.48,99.57,89,1,-88,0,38.73,101.01,0.00,0.00,0.00
2025-01-22T02:39:00Z,9.45,99.47,89,1,null,0,36.38,101.01,0.00,0.00,0.00
2025-01-22T02:40:00Z,9.52,99.63,89,1,null,0,37.88,101.01,0.00,0.00,0.00
2025-01-22T02:41:00Z,9.54,99.59,89,1,-88,0,38.42,101.00,0.00,0.00,0.00
2025-01-22T02:42:00Z,9.54,99.57,89,1,null,0,36.24,101.01,0.00,0.00,0.00
2025-01-22T02:43:00Z,9.54,99.09,89,1,null,0,33.21,101.01,0.00,0.00,0.00
2025-01-22T02:44:03Z,9.55,98.79,88,1,-84,0,28.33,101.00,0.00,0.00,0.00
2025-01-22T02:45:03Z,9.52,98.79,89,1,null,0,47.85,101.00,0.00,0.00,0.00
2025-01-22T02:46:03Z,9.48,99.15,89,1,null,0,32.83,100.99,0.00,0.00,0.00
2025-01-22T02:47:03Z,9.55,99.25,89,1,-84,0,39.16,100.99,0.00,0.00,0.00
2025-01-22T02:48:03Z,9.60,99.04,89,1,null,0,30.53,100.99,0.00,0.00,0.00
2025-01-22T02:49:03Z,9.59,98.93,89,1,null,0,44.34,100.99,0.00,0.00,0.00
2025-01-22T02:50:03Z,9.65,98.68,89,1,-85,0,42.03,100.99,0.00,0.00,0.00
2025-01-22T02:51:03Z,9.65,97.78,88,1,null,0,36.50,100.99,0.00,0.00,0.00
2025-01-22T02:52:03Z,9.63,97.41,89,1,null,0,34.55,100.99,0.00,0.00,0.00
2025-01-22T02:53:03Z,9.65,97.59,89,1,-84,0,38.85,100.99,0.00,0.00,0.00
2025-01-22T02:54:03Z,9.67,97.57,88,1,null,0,37.25,100.99,0.00,0.00,0.00
2025-01-22T02:55:03Z,9.70,97.61,89,1,null,0,35.75,101.00,0.00,0.00,0.00
2025-01-22T02:56:03Z,9.73,97.59,88,1,-85,0,38.88,101.00,0.00,0.00,0.00
2025-01-22T02:57:03Z,9.73,97.74,89,1,null,0,39.25,101.00,0.00,0.00,0.00
2025-01-22T02:58:03Z,9.77,97.81,89,1,null,0,36.63,101.00,0.00,0.00,0.00
2025-01-22T02:59:03Z,9.77,97.85,89,1,-90,0,39.53,101.00,0.00,0.00,0.00
2025-01-22T03:00:21Z,9.77,97.76,88,1,-85,0,37.18,100.99,0.00,0.00,0.00
2025-01-22T03:01:21Z,9.75,97.74,88,1,null,0,31.58,101.00,0.00,0.00,0.00
2025-01-22T03:02:21Z,9.73,97.57,88,1,null,0,34.22,100.99,0.00,0.00,0.00
2025-01-22T03:03:21Z,9.70,97.95,88,1,-88,0,37.74,101.00,0.00,0.00,0.00
2025-01-22T03:04:21Z,9.65,96.93,88,1,null,0,32.68,101.00,0.00,0.00,0.00
2025-01-22T03:05:21Z,9.58,96.94,88,1,null,0,32.94,101.00,0.00,0.00,0.00
2025-01-22T03:06:21Z,9.47,97.07,88,1,-87,0,32.79,101.01,0.00,0.00,0.00
2025-01-22T03:07:21Z,9.38,97.19,88,1,null,0,37.33,101.00,0.00,0.00,0.00
2025-01-22T03:08:21Z,9.41,98.13,88,1,null,0,42.91,101.00,0.00,0.00,0.00
2025-01-22T03:09:21Z,9.39,98.49,88,1,-86,0,36.44,101.01,0.00,0.00,0.00
2025-01-22T03:10:21Z,9.49,98.64,88,1,null,0,33.16,101.00,0.00,0.00,0.00
2025-01-22T03:11:21Z,9.58,98.62,88,1,null,0,43.28,101.00,0.00,0.00,0.00
2025-01-22T03:12:21Z,9.55,98.19,88,1,-86,0,35.21,101.00,0.00,0.00,0.00
2025-01-22T03:13:21Z,9.66,97.95,88,1,null,0,31.63,100.99,0.00,0.00,0.00
2025-01-22T03:14:21Z,9.73,97.53,88,1,null,0,35.63,100.98,0.00,0.00,0.00
2025-01-22T03:15:21Z,9.76,96.96,88,1,-86,0,41.18,100.98,0.00,0.00,0.00
2025-01-22T03:16:21Z,9.56,95.66,88,1,null,0,35.10,100.97,0.00,0.00,0.00
2025-01-22T03:17:21Z,9.47,95.87,88,1,null,0,35.28,100.97,0.00,0.00,0.00
2025-01-22T03:18:21Z,9.51,95.94,88,1,-86,0,37.72,100.96,0.00,0.00,0.00
2025-01-22T03:19:21Z,9.51,96.20,88,1,null,0,33.97,100.95,0.00,0.00,0.00
2025-01-22T03:20:21Z,9.49,96.81,88,1,null,0,33.04,100.96,0.00,0.00,0.00
2025-01-22T03:21:21Z,9.54,97.53,88,1,-88,0,30.06,100.96,0.00,0.00,0.00
2025-01-22T03:22:21Z,9.54,98.02,87,1,null,0,32.60,100.96,0.00,0.00,0.00
2025-01-22T03:23:21Z,9.66,97.68,88,1,null,0,37.32,100.96,0.00,0.00,0.00
2025-01-22T03:24:21Z,9.72,97.35,88,1,-86,0,27.08,100.95,0.00,0.00,0.00
2025-01-22T03:25:23Z,9.75,97.11,87,1,null,0,30.80,100.95,0.00,0.00,0.00
2025-01-22T03:26:23Z,9.72,97.32,88,1,null,0,33.50,100.96,0.00,0.00,0.00
2025-01-22T03:27:23Z,9.62,97.81,87,1,-86,0,33.06,100.96,0.00,0.00,0.00
2025-01-22T03:28:23Z,9.69,97.89,87,1,null,0,36.65,100.96,0.00,0.00,0.00
2025-01-22T03:29:23Z,9.65,97.89,87,1,null,0,39.00,100.97,0.00,0.00,0.00
2025-01-22T03:30:23Z,9.60,97.80,87,1,-86,0,41.05,100.96,0.00,0.00,0.00
2025-01-22T03:31:23Z,9.60,97.81,88,1,null,0,35.93,100.95,0.00,0.00,0.00
2025-01-22T03:32:23Z,9.56,97.89,87,1,null,0,39.74,100.95,0.00,0.00,0.00
2025-01-22T03:33:23Z,9.51,97.79,87,1,-85,0,36.37,100.95,0.00,0.00,0.00
2025-01-22T03:34:23Z,9.51,98.11,88,1,null,0,41.64,100.96,0.00,0.00,0.00
2025-01-22T03:35:23Z,9.45,98.03,87,1,null,0,45.65,100.95,0.00,0.00,0.00
2025-01-22T03:36:23Z,9.48,98.11,87,1,-87,0,38.33,100.95,0.00,0.00,0.00
2025-01-22T03:37:23Z,9.52,98.26,87,1,null,0,44.48,100.95,0.00,0.00,0.00
2025-01-22T03:38:23Z,9.48,98.18,87,1,null,0,35.53,100.95,0.00,0.00,0.00
2025-01-22T03:39:23Z,9.44,98.04,87,1,-85,0,37.80,100.95,0.00,0.00,0.00
2025-01-22T03:40:23Z,9.42,98.50,88,1,null,0,37.84,100.95,0.00,0.00,0.00
2025-01-22T03:41:26Z,9.37,98.51,87,1,null,0,37.58,100.95,0.00,0.00,0.00
2025-01-22T03:42:26Z,9.37,98.30,87,1,-91,0,33.31,100.94,0.00,0.00,0.00
2025-01-22T03:43:26Z,9.34,98.21,87,1,null,0,42.93,100.94,0.00,0.00,0.00
2025-01-22T03:44:26Z,9.28,98.38,87,1,null,0,41.41,100.95,0.00,0.00,0.00
2025-01-22T03:45:26Z,9.28,98.79,87,1,-91,0,42.07,100.94,0.00,0.00,0.00
2025-01-22T03:46:26Z,9.37,98.87,87,1,null,0,43.25,100.94,0.00,0.00,0.00
2025-01-22T03:47:26Z,9.37,98.18,87,1,null,0,39.62,100.94,0.00,0.00,0.00
2025-01-22T03:48:26Z,9.31,98.80,87,1,-91,0,35.88,100.94,0.00,0.00,0.00
2025-01-22T03:49:26Z,9.38,98.43,87,1,null,0,36.02,100.94,0.00,0.00,0.00
2025-01-22T03:50:26Z,9.30,98.34,87,1,null,0,38.25,100.94,0.00,0.00,0.00
2025-01-22T03:51:26Z,9.34,98.21,87,1,-90,0,40.08,100.94,0.00,0.00,0.00
2025-01-22T03:52:26Z,9.30,98.44,87,1,null,0,36.26,100.94,0.00,0.00,0.00
2025-01-22T03:53:26Z,9.32,98.42,87,1,null,0,40.66,100.93,0.00,0.00,0.00
2025-01-22T03:54:26Z,9.37,98.36,87,1,-86,0,39.01,100.94,0.00,0.00,0.00
2025-01-22T03:55:26Z,9.45,98.09,87,1,null,0,38.75,100.93,0.00,0.00,0.00
2025-01-22T03:56:26Z,9.44,97.69,87,1,null,0,42.98,100.94,0.00,0.00,0.00
2025-01-22T03:57:29Z,9.41,96.95,87,1,-84,0,44.59,100.93,0.00,0.00,0.00
2025-01-22T03:58:29Z,9.49,97.11,87,1,null,0,39.32,100.93,0.00,0.00,0.00
2025-01-22T03:59:29Z,9.52,96.56,87,1,null,0,33.64,100.93,0.00,0.00,0.00
2025-01-22T04:00:29Z,9.48,95.91,87,1,-84,0,37.16,100.93,0.00,0.00,0.00
2025-01-22T04:01:29Z,9.44,96.34,87,1,null,0,50.51,100.93,0.00,0.00,0.00
2025-01-22T04:02:29Z,9.49,96.87,87,1,null,0,37.29,100.93,0.00,0.00,0.00
2025-01-22T04:03:29Z,9.52,96.78,87,1,-86,0,40.64,100.93,0.00,0.00,0.00
2025-01-22T04:04:29Z,9.55,96.78,87,1,null,0,45.05,100.93,0.00,0.00,0.00
2025-01-22T04:05:29Z,9.58,96.69,87,1,null,0,42.22,100.93,0.00,0.00,0.00
2025-01-22T04:06:29Z,9.59,96.05,87,1,-89,0,38.06,100.92,0.00,0.00,0.00
2025-01-22T04:07:29Z,9.58,96.05,87,1,null,0,37.71,100.92,0.00,0.00,0.00
2025-01-22T04:08:29Z,9.55,96.13,87,1,null,0,36.91,100.92,0.00,0.00,0.00
2025-01-22T04:09:29Z,9.52,95.24,87,1,-90,0,35.72,100.92,0.00,0.00,0.00
2025-01-22T04:10:29Z,9.44,95.17,87,1,null,0,36.19,100.93,0.00,0.00,0.00
2025-01-22T04:11:29Z,9.39,95.39,87,1,null,0,37.76,100.93,0.00,0.00,0.00
2025-01-22T04:12:29Z,9.14,94.84,87,1,-88,0,42.74,100.93,0.00,0.00,0.00
2025-01-22T04:13:37Z,8.99,96.71,87,1,null,0,40.30,100.94,0.00,0.00,0.00
2025-01-22T04:14:37Z,8.96,96.96,87,1,null,0,34.21,100.94,0.00,0.00,0.00
2025-01-22T04:15:37Z,9.03,96.82,87,1,-88,0,40.10,100.93,0.00,0.00,0.00
2025-01-22T04:16:37Z,9.13,97.14,87,1,null,0,49.81,100.93,0.00,0.00,0.00
2025-01-22T04:17:37Z,9.20,96.95,87,1,null,0,42.94,100.93,0.00,0.00,0.00
2025-01-22T04:18:37Z,9.15,97.26,87,1,-86,0,37.33,100.94,0.00,0.00,0.00
2025-01-22T04:19:37Z,9.21,98.11,87,1,null,0,55.53,100.94,0.00,0.00,0.00
2025-01-22T04:20:37Z,9.28,98.02,87,1,null,0,40.97,100.94,0.00,0.00,0.00
2025-01-22T04:21:37Z,9.31,97.78,87,1,-86,0,40.95,100.94,0.00,0.00,0.00
2025-01-22T04:22:37Z,9.32,97.23,87,1,null,0,36.08,100.95,0.00,0.00,0.00
2025-01-22T04:23:37Z,9.34,96.76,87,1,null,0,33.85,100.95,0.00,0.00,0.00
2025-01-22T04:24:37Z,9.31,96.81,87,1,-86,0,40.33,100.96,0.00,0.00,0.00
2025-01-22T04:25:37Z,9.21,96.01,87,1,null,0,37.20,100.96,0.00,0.00,0.00
2025-01-22T04:26:37Z,9.20,95.56,87,1,null,0,45.07,100.95,0.00,0.00,0.00
2025-01-22T04:27:37Z,9.05,96.05,87,1,-86,0,36.30,100.96,0.00,0.00,0.00
2025-01-22T04:28:37Z,9.00,96.75,87,1,null,0,42.98,100.97,0.00,0.00,0.00
2025-01-22T04:29:44Z,8.90,97.18,87,1,null,0,37.78,100.96,0.00,0.00,0.00
2025-01-22T04:30:44Z,8.87,97.28,87,1,-86,0,36.81,100.96,0.00,0.00,0.00
2025-01-22T04:31:44Z,8.89,97.41,87,1,null,0,41.91,100.97,0.00,0.00,0.00
2025-01-22T04:32:44Z,8.86,98.78,87,1,null,0,41.64,100.98,0.00,0.00,0.00
2025-01-22T04:33:44Z,8.94,99.43,87,1,-86,0,38.36,100.97,0.00,0.00,0.00
2025-01-22T04:34:44Z,8.97,99.23,87,1,null,0,38.17,100.97,0.00,0.00,0.00
2025-01-22T04:35:44Z,9.01,99.15,87,1,null,0,40.22,100.96,0.00,0.00,0.00
2025-01-22T04:36:44Z,9.05,99.66,87,1,-86,0,44.89,100.96,0.00,0.00,0.00
2025-01-22T04:37:44Z,9.05,99.36,87,1,null,0,44.72,100.97,0.00,0.00,0.00
2025-01-22T04:38:44Z,9.05,99.38,87,1,null,0,44.24,100.97,0.00,0.00,0.00
2025-01-22T04:39:44Z,9.14,98.93,87,1,-86,0,45.05,100.97,0.00,0.00,0.00
2025-01-22T04:40:44Z,9.08,98.30,87,1,null,0,38.57,100.97,0.00,0.00,0.00
2025-01-22T04:41:44Z,9.08,98.57,87,1,null,0,38.70,100.97,0.00,0.00,0.00
2025-01-22T04:42:44Z,9.08,98.82,87,1,-89,0,40.75,100.97,0.00,0.00,0.00
2025-01-22T04:43:44Z,9.11,99.08,87,1,null,0,51.67,100.97,0.00,0.00,0.00
2025-01-22T04:44:44Z,9.03,97.96,87,1,null,0,43.48,100.97,0.00,0.00,0.00
2025-01-22T04:45:48Z,9.10,98.27,86,1,-89,0,44.90,100.98,0.00,0.00,0.00
2025-01-22T04:46:48Z,8.94,96.96,87,1,null,0,41.32,100.97,0.00,0.00,0.00
2025-01-22T04:47:48Z,8.83,98.27,87,1,null,0,41.90,100.99,0.00,0.00,0.00
2025-01-22T04:48:48Z,8.77,98.62,87,1,-89,0,45.14,100.99,0.00,0.00,0.00
2025-01-22T04:49:48Z,8.92,98.44,87,1,null,0,42.96,100.98,0.00,0.00,0.00
2025-01-22T04:50:48Z,9.01,98.85,87,1,null,0,36.26,100.98,0.00,0.00,0.00
2025-01-22T04:51:48Z,9.07,98.20,87,1,-86,0,38.64,100.98,0.00,0.00,0.00
2025-01-22T04:52:48Z,9.17,97.82,87,1,null,0,46.82,100.98,0.00,0.00,0.00
2025-01-22T04:53:48Z,9.20,96.98,87,1,null,0,49.14,100.97,0.00,0.00,0.00
2025-01-22T04:54:48Z,9.10,96.37,87,1,-86,0,42.38,100.97,0.00,0.00,0.00
2025-01-22T04:55:48Z,9.07,96.70,87,1,null,0,49.37,100.97,0.00,0.00,0.00
2025-01-22T04:56:48Z,9.04,97.49,87,1,null,0,44.61,100.98,0.00,0.00,0.00
2025-01-22T04:57:48Z,9.11,97.65,87,1,-86,0,44.16,100.97,0.00,0.00,0.00
2025-01-22T04:58:48Z,9.10,95.92,87,1,null,0,53.03,100.96,0.00,0.00,0.00
2025-01-22T04:59:48Z,9.07,95.38,87,1,null,0,43.95,100.96,0.00,0.00,0.00
2025-01-22T05:00:48Z,8.96,95.23,87,1,-87,0,53.05,100.96,0.00,0.00,0.00
2025-01-22T05:01:51Z,8.77,95.66,86,1,null,0,46.00,100.97,0.00,0.00,0.00
2025-01-22T05:02:51Z,8.79,96.50,87,1,null,0,45.74,100.97,0.00,0.00,0.00
2025-01-22T05:03:51Z,8.83,97.40,87,1,-87,0,46.89,100.97,0.00,0.00,0.00
2025-01-22T05:04:51Z,8.86,98.02,87,1,null,0,48.81,100.97,0.00,0.00,0.00
2025-01-22T05:05:51Z,8.89,97.95,87,1,null,0,41.57,100.96,0.00,0.00,0.00
2025-01-22T05:06:51Z,8.86,97.62,87,1,-87,0,48.98,100.97,0.00,0.00,0.00
2025-01-22T05:07:51Z,8.75,96.77,87,1,null,0,49.41,100.99,0.00,0.00,0.00
2025-01-22T05:08:51Z,8.72,97.41,87,1,null,0,45.01,100.98,0.00,0.00,0.00
2025-01-22T05:09:51Z,8.65,97.67,87,1,-87,0,46.23,100.98,0.00,0.00,0.00
2025-01-22T05:10:51Z,8.62,97.90,87,1,null,0,43.43,100.98,0.00,0.00,0.00
2025-01-22T05:11:51Z,8.66,97.91,87,1,null,0,44.38,100.99,0.00,0.00,0.00
2025-01-22T05:12:51Z,8.75,98.20,87,1,-87,0,48.95,100.98,0.00,0.00,0.00
2025-01-22T05:13:51Z,8.82,98.66,87,1,null,0,46.07,100.98,0.00,0.00,0.00
2025-01-22T05:14:51Z,8.89,98.21,87,1,null,0,43.77,100.97,0.00,0.00,0.00
2025-01-22T05:15:51Z,8.90,98.30,87,1,-87,0,48.89,100.96,0.00,0.00,0.00
2025-01-22T05:16:51Z,8.96,98.41,87,1,null,0,44.36,100.95,0.00,0.00,0.00
2025-01-22T05:17:54Z,8.97,98.53,86,1,null,0,45.17,100.94,0.00,0.00,0.00
2025-01-22T05:18:54Z,9.01,98.37,86,1,-86,0,41.35,100.93,0.00,0.00,0.00
2025-01-22T05:19:54Z,9.07,98.49,87,1,null,0,44.61,100.93,0.00,0.00,0.00
2025-01-22T05:20:54Z,9.05,97.16,87,1,null,0,43.39,100.93,0.00,0.00,0.00
2025-01-22T05:21:54Z,9.10,96.97,87,1,-89,0,51.22,100.92,0.00,0.00,0.00
2025-01-22T05:22:54Z,8.93,97.31,87,1,null,0,48.19,100.93,0.00,0.00,0.00
2025-01-22T05:23:54Z,8.77,98.14,87,1,null,0,39.31,100.93,0.00,0.00,0.00
2025-01-22T05:24:54Z,8.76,99.10,86,1,-83,0,44.74,100.94,0.00,0.00,0.00
2025-01-22T05:25:54Z,8.72,98.70,87,1,null,0,43.27,100.94,0.00,0.00,0.00
2025-01-22T05:26:54Z,8.69,98.68,87,1,null,0,44.88,100.94,0.00,0.00,0.00
2025-01-22T05:27:54Z,8.69,98.81,87,1,-89,0,48.31,100.94,0.00,0.00,0.00
2025-01-22T05:28:54Z,8.73,99.08,87,1,null,0,44.81,100.94,0.00,0.00,0.00
2025-01-22T05:29:54Z,8.69,99.23,86,1,null,0,42.94,100.94,0.00,0.00,0.00
2025-01-22T05:30:54Z,8.71,99.66,86,1,-87,0,44.03,100.94,0.00,0.00,0.00
2025-01-22T05:31:54Z,8.82,100.07,86,1,null,0,43.22,100.94,0.00,0.00,0.00
2025-01-22T05:32:54Z,8.99,99.93,86,1,null,0,41.04,100.93,0.00,0.00,0.00
2025-01-22T05:33:57Z,9.04,99.59,86,1,-87,0,42.82,100.93,0.00,0.00,0.00
2025-01-22T05:34:57Z,9.11,99.18,86,1,null,0,50.46,100.93,0.00,0.00,0.00
2025-01-22T05:35:57Z,9.18,98.58,86,1,null,0,45.03,100.93,0.00,0.00,0.00
2025-01-22T05:36:57Z,9.24,98.12,86,1,-87,0,46.55,100.93,0.00,0.00,0.00
2025-01-22T05:37:57Z,9.30,97.42,86,1,null,0,48.38,100.93,0.00,0.00,0.00
2025-01-22T05:38:57Z,9.31,97.12,86,1,null,0,44.93,100.93,0.00,0.00,0.00
2025-01-22T05:39:57Z,9.20,96.91,87,1,-86,0,50.85,100.93,0.00,0.00,0.00
2025-01-22T05:40:57Z,9.11,96.32,86,1,null,0,42.01,100.93,0.00,0.00,0.00
2025-01-22T05:41:57Z,9.08,96.65,86,1,null,0,41.29,100.93,0.00,0.00,0.00
2025-01-22T05:42:57Z,9.08,96.93,86,1,-89,0,42.53,100.92,0.00,0.00,0.00
2025-01-22T05:43:57Z,9.14,97.12,86,1,null,0,44.14,100.92,0.00,0.00,0.00
2025-01-22T05:44:57Z,9.15,98.41,86,1,null,0,46.46,100.93,0.00,0.00,0.00
2025-01-22T05:45:57Z,9.24,98.24,86,1,-91,0,45.93,100.92,0.00,0.00,0.00
2025-01-22T05:46:57Z,9.27,98.56,86,1,null,0,45.23,100.92,0.00,0.00,0.00
2025-01-22T05:47:57Z,9.27,98.37,86,1,null,0,43.88,100.92,0.00,0.00,0.00
2025-01-22T05:48:57Z,9.30,98.36,86,1,-87,0,44.55,100.93,0.00,0.00,0.00
2025-01-22T05:50:00Z,9.34,97.85,86,1,null,0,50.83,100.93,0.00,0.00,0.00
2025-01-22T05:51:00Z,9.32,97.99,86,1,null,0,42.49,100.94,0.00,0.00,0.00
2025-01-22T05:52:00Z,9.38,97.40,86,1,-88,0,50.52,100.94,0.00,0.00,0.00
2025-01-22T05:53:00Z,9.32,97.49,86,1,null,0,40.88,100.94,0.00,0.00,0.00
2025-01-22T05:54:00Z,9.30,97.19,86,1,null,0,46.75,100.94,0.00,0.00,0.00
2025-01-22T05:55:00Z,9.27,97.14,86,1,-89,0,49.79,100.94,0.00,0.00,0.00
2025-01-22T05:56:00Z,9.27,97.31,86,1,null,0,52.56,100.94,0.00,0.00,0.00
2025-01-22T05:57:00Z,9.21,98.00,86,1,null,0,41.24,100.94,0.00,0.00,0.00
2025-01-22T05:58:00Z,9.30,98.31,86,1,-82,0,48.74,100.95,0.00,0.00,0.00
2025-01-22T05:59:00Z,9.24,98.14,86,1,null,0,49.07,100.96,0.00,0.00,0.00
2025-01-22T06:00:00Z,9.18,98.16,86,1,null,0,48.26,100.97,0.00,0.00,0.00
2025-01-22T06:01:00Z,9.14,99.12,86,1,-82,0,49.82,100.97,0.00,0.00,0.00
2025-01-22T06:02:00Z,9.18,99.55,86,1,null,0,49.99,100.97,0.00,0.00,0.00
2025-01-22T06:03:00Z,9.24,99.70,86,1,null,0,43.24,100.97,0.00,0.00,0.00
2025-01-22T06:04:00Z,9.34,99.67,86,1,-82,0,41.05,100.97,0.00,0.00,0.00
2025-01-22T06:05:00Z,9.41,99.17,86,1,null,0,42.05,100.97,0.00,0.00,0.00
2025-01-22T06:06:07Z,9.47,98.66,85,1,null,0,42.67,100.97,0.00,0.00,0.00
2025-01-22T06:07:07Z,9.54,98.00,86,1,-93,0,45.99,100.96,0.00,0.00,0.00
2025-01-22T06:08:07Z,9.56,98.07,86,1,null,0,40.18,100.95,0.00,0.00,0.00
2025-01-22T06:09:07Z,9.55,97.89,86,1,null,0,40.44,100.94,0.00,0.00,0.00
2025-01-22T06:10:07Z,9.56,97.96,86,1,-90,0,41.86,100.94,0.00,0.00,0.00
2025-01-22T06:11:07Z,9.55,97.84,86,1,null,0,45.01,100.94,0.00,0.00,0.00
2025-01-22T06:12:07Z,9.49,97.56,86,1,null,0,45.66,100.94,0.00,0.00,0.00
2025-01-22T06:13:07Z,9.44,96.71,86,1,-87,0,47.18,100.95,0.00,0.00,0.00
2025-01-22T06:14:07Z,9.38,96.09,86,1,null,0,51.30,100.95,0.00,0.00,0.00
2025-01-22T06:15:07Z,9.31,96.93,86,1,null,0,42.76,100.94,0.00,0.00,0.00
2025-01-22T06:16:07Z,9.27,97.34,86,1,-89,0,50.89,100.95,0.00,0.00,0.00
2025-01-22T06:17:07Z,9.27,97.16,86,1,null,0,39.33,100.94,0.00,0.00,0.00
2025-01-22T06:18:07Z,9.34,98.24,86,1,null,0,46.68,100.95,0.00,0.00,0.00
2025-01-22T06:19:07Z,9.52,98.14,86,1,-89,0,52.67,100.94,0.00,0.00,0.00
2025-01-22T06:20:07Z,9.56,98.01,86,1,null,0,50.66,100.94,0.00,0.00,0.00
2025-01-22T06:21:07Z,9.55,98.26,86,1,null,0,42.58,100.93,0.00,0.00,0.00
2025-01-22T06:22:13Z,9.58,98.29,85,1,-89,0,48.74,100.93,0.00,0.00,0.00
2025-01-22T06:23:13Z,9.62,98.10,86,1,null,0,43.95,100.93,0.00,0.00,0.00
2025-01-22T06:24:13Z,9.62,98.20,86,1,null,0,49.80,100.93,0.00,0.00,0.00
2025-01-22T06:25:13Z,9.67,97.85,86,1,-89,0,49.47,100.93,0.00,0.00,0.00
2025-01-22T06:26:13Z,9.67,98.27,86,1,null,0,44.71,100.93,0.00,0.00,0.00
2025-01-22T06:27:13Z,9.69,97.95,86,1,null,0,54.14,100.94,0.00,0.00,0.00
2025-01-22T06:28:13Z,9.70,98.16,86,1,-87,0,48.14,100.94,0.00,0.00,0.00
2025-01-22T06:29:13Z,9.69,97.68,86,1,null,0,47.43,100.94,0.00,0.00,0.00
2025-01-22T06:30:13Z,9.67,97.81,86,1,null,0,54.44,100.93,0.00,0.00,0.00
2025-01-22T06:31:13Z,9.67,97.74,86,1,-87,0,47.73,100.94,0.00,0.00,0.00
2025-01-22T06:32:13Z,9.72,97.41,86,1,null,0,51.31,100.94,0.00,0.00,0.00
2025-01-22T06:33:13Z,9.70,97.08,86,1,null,0,43.34,100.95,0.00,0.00,0.00
2025-01-22T06:34:13Z,9.58,97.56,86,1,-87,0,48.88,100.94,0.00,0.00,0.00
2025-01-22T06:35:13Z,9.55,98.23,85,1,null,0,47.29,100.94,0.00,0.00,0.00
2025-01-22T06:36:13Z,9.62,97.99,86,1,null,0,52.36,100.94,0.08,0.00,0.00
2025-01-22T06:37:13Z,9.62,97.84,86,1,-87,0,44.63,100.95,0.08,0.00,0.00
2025-01-22T06:38:13Z,9.63,97.70,86,1,null,0,47.94,100.95,0.08,0.00,0.00
2025-01-22T06:39:13Z,9.67,97.96,86,1,null,0,53.71,100.96,0.08,0.00,0.00
2025-01-22T06:40:13Z,9.62,98.11,86,1,-87,0,44.59,100.95,0.08,0.00,0.00
2025-01-22T06:41:13Z,9.58,98.03,86,1,null,0,46.38,100.95,0.08,0.00,0.00
2025-01-22T06:42:13Z,9.54,98.12,86,1,null,0,51.66,100.95,0.08,0.00,0.00
2025-01-22T06:43:13Z,9.47,98.30,86,1,-87,0,53.48,100.97,0.08,0.00,0.00
2025-01-22T06:44:13Z,9.44,98.91,86,1,null,0,46.17,100.98,0.08,0.00,0.00
2025-01-22T06:45:13Z,9.42,99.41,86,1,null,0,49.15,100.98,0.08,0.00,0.00
2025-01-22T06:46:13Z,9.38,99.64,86,1,-89,0,48.68,100.98,0.08,0.00,0.00
2025-01-22T06:47:13Z,9.32,99.73,86,1,null,0,46.16,100.98,0.08,0.00,0.00
2025-01-22T06:48:13Z,9.35,99.57,86,1,null,0,47.70,100.97,0.08,0.00,0.00
2025-01-22T06:49:13Z,9.30,99.56,86,1,-87,0,54.55,100.97,0.08,0.00,0.00
2025-01-22T06:50:13Z,9.24,99.59,86,1,null,0,54.08,100.97,0.08,0.00,0.00
2025-01-22T06:51:16Z,9.20,100.10,85,1,null,0,53.58,100.98,0.15,0.00,0.00
2025-01-22T06:52:16Z,9.24,100.07,86,1,-88,0,49.02,100.98,0.15,0.00,0.00
2025-01-22T06:53:16Z,9.27,99.94,86,1,null,0,49.59,100.98,0.15,0.00,0.00
2025-01-22T06:54:16Z,9.30,99.83,86,1,null,2,50.80,100.98,0.23,0.00,0.00
2025-01-22T06:55:16Z,9.30,100.00,86,1,-88,3,49.49,100.97,0.23,0.00,0.00
2025-01-22T06:56:16Z,9.32,100.19,86,1,null,5,55.99,100.97,0.30,0.00,0.00
2025-01-22T06:57:16Z,9.34,100.15,86,1,null,4,52.21,100.96,0.30,0.00,0.00
2025-01-22T06:58:16Z,9.38,100.31,86,1,-89,5,48.24,100.96,0.38,0.00,0.05
2025-01-22T06:59:16Z,9.37,99.99,86,1,null,7,49.10,100.96,0.46,0.00,0.05
2025-01-22T07:00:16Z,9.38,100.19,85,1,null,8,49.20,100.95,0.53,0.10,0.05
2025-01-22T07:01:16Z,9.42,100.13,86,1,-88,10,47.36,100.95,0.61,0.10,0.05
2025-01-22T07:02:16Z,9.41,100.17,86,1,null,11,49.14,100.94,0.76,0.10,0.05
2025-01-22T07:03:16Z,9.44,100.22,86,1,null,13,56.38,100.94,0.84,0.10,0.05
2025-01-22T07:04:16Z,9.48,100.10,85,1,-86,15,53.72,100.94,0.99,0.10,0.05
2025-01-22T07:05:16Z,9.49,99.97,86,1,null,17,50.16,100.94,1.07,0.10,0.05
2025-01-22T07:06:16Z,9.48,99.90,86,1,null,19,47.83,100.94,1.22,0.10,0.05
2025-01-22T07:07:16Z,9.54,99.91,85,1,-86,23,51.96,100.94,1.37,0.10,0.05
2025-01-22T07:08:16Z,9.55,99.78,85,1,null,26,46.93,100.94,1.60,0.10,0.05
2025-01-22T07:09:16Z,9.58,99.57,86,1,null,31,47.17,100.94,1.83,0.10,0.05
2025-01-22T07:10:16Z,9.65,99.60,86,1,-91,36,50.07,100.94,2.06,0.10,0.05
2025-01-22T07:11:16Z,9.73,99.40,85,1,null,41,55.29,100.94,2.36,0.10,0.05
2025-01-22T07:12:16Z,9.77,99.21,85,1,null,47,47.26,100.94,2.74,0.10,0.05
2025-01-22T07:13:16Z,9.79,99.00,85,1,-88,54,49.07,100.94,3.12,0.10,0.05
2025-01-22T07:14:36Z,9.85,98.79,85,1,null,69,48.93,100.94,3.58,0.10,0.05
2025-01-22T07:15:36Z,9.89,98.62,85,1,null,86,46.82,100.95,3.96,0.10,0.05
2025-01-22T07:16:36Z,9.85,98.59,85,1,-88,103,52.21,100.95,4.42,0.10,0.05
2025-01-22T07:17:36Z,9.86,98.60,85,1,null,119,45.03,100.95,4.95,0.10,0.05
2025-01-22T07:18:36Z,9.89,98.46,85,1,null,130,56.47,100.95,5.64,0.10,0.05
2025-01-22T07:19:36Z,9.90,98.34,85,1,-90,138,48.89,100.95,6.17,0.10,0.05
2025-01-22T07:20:36Z,9.87,98.33,85,1,null,150,45.54,100.95,6.63,0.10,0.10
2025-01-22T07:21:36Z,9.90,98.19,85,1,null,163,46.52,100.95,6.93,0.10,0.10
2025-01-22T07:22:36Z,9.93,98.22,85,1,-89,182,52.04,100.95,7.16,0.10,0.10
2025-01-22T07:23:36Z,9.96,98.20,85,1,null,207,54.52,100.95,7.39,0.10,0.10
2025-01-22T07:24:39Z,9.99,97.96,85,1,null,236,49.17,100.95,7.85,0.10,0.10
2025-01-22T07:25:39Z,10.00,98.03,85,1,-86,258,48.91,100.95,7.92,0.20,0.10
2025-01-22T07:26:39Z,10.04,97.88,85,1,null,272,44.82,100.95,7.92,0.20,0.10
2025-01-22T07:27:39Z,10.01,97.95,85,1,null,273,43.59,100.95,7.77,0.20,0.10
2025-01-22T07:28:39Z,10.03,97.79,85,1,-85,266,53.71,100.95,7.62,0.20,0.10
2025-01-22T07:29:39Z,10.06,97.96,85,1,null,278,56.67,100.95,8.07,0.20,0.10
2025-01-22T07:30:39Z,10.06,97.92,85,1,null,329,55.26,100.96,9.83,0.20,0.14
2025-01-22T07:31:39Z,10.03,97.53,85,1,-87,382,48.58,100.96,11.50,0.20,0.14
2025-01-22T07:32:39Z,10.04,97.74,85,1,null,430,53.33,100.95,12.57,0.20,0.14
2025-01-22T07:33:39Z,10.07,97.76,85,1,null,472,51.77,100.96,13.18,0.20,0.14
2025-01-22T07:34:39Z,10.10,97.97,85,1,-87,510,52.59,100.96,13.48,0.20,0.19
2025-01-22T07:35:39Z,10.04,97.34,85,1,null,537,52.71,100.95,13.94,0.20,0.19
2025-01-22T07:36:39Z,10.01,97.33,85,1,null,544,52.22,100.96,14.78,0.20,0.19
2025-01-22T07:37:39Z,10.00,97.41,85,1,-86,563,44.60,100.96,16.45,0.30,0.19
2025-01-22T07:38:39Z,9.89,97.35,85,1,null,590,54.21,100.96,18.05,0.30,0.19
2025-01-22T07:39:39Z,9.72,97.73,85,1,null,617,49.03,100.96,18.51,0.30,0.19
2025-01-22T07:40:43Z,9.63,97.96,85,1,-84,638,47.39,100.95,19.73,0.30,0.19
2025-01-22T07:41:43Z,9.58,98.10,85,1,null,662,50.67,100.96,20.95,0.30,0.24
2025-01-22T07:42:43Z,9.52,97.83,85,1,null,663,46.66,100.95,22.17,0.30,0.24
2025-01-22T07:43:43Z,9.48,98.05,85,1,-84,683,50.54,100.96,23.31,0.30,0.24
2025-01-22T07:44:43Z,9.54,97.68,85,1,null,683,45.79,100.96,24.60,0.30,0.24
2025-01-22T07:45:43Z,9.60,97.43,85,1,null,692,49.79,100.95,26.28,0.30,0.24
2025-01-22T07:46:43Z,9.55,97.28,85,1,-87,695,48.45,100.95,27.96,0.30,0.24
2025-01-22T07:47:43Z,9.60,97.10,85,1,null,709,49.58,100.95,29.25,0.30,0.24
2025-01-22T07:48:43Z,9.62,97.01,85,1,null,747,51.69,100.95,30.47,0.40,0.24
2025-01-22T07:49:43Z,9.62,96.94,85,1,-90,771,54.89,100.94,31.46,0.40,0.24
2025-01-22T07:50:43Z,9.60,97.02,85,1,null,798,49.89,100.95,33.06,0.40,0.29
2025-01-22T07:51:43Z,9.63,97.11,85,1,null,819,51.33,100.94,34.81,0.40,0.29
2025-01-22T07:52:43Z,9.59,97.05,85,1,-91,826,49.58,100.94,36.33,0.40,0.29
2025-01-22T07:53:50Z,9.62,97.25,85,1,null,804,47.86,100.95,37.32,0.40,0.29
2025-01-22T07:54:50Z,9.70,97.19,85,1,null,831,52.51,100.94,38.54,0.40,0.29
2025-01-22T07:55:50Z,9.62,97.24,85,1,-92,853,64.69,100.94,39.91,0.40,0.29
2025-01-22T07:56:50Z,9.58,97.35,85,1,null,879,51.56,100.95,41.44,0.40,0.29
2025-01-22T07:57:50Z,9.59,97.42,85,1,null,841,52.84,100.95,42.05,0.40,0.29
2025-01-22T07:58:50Z,9.56,97.45,85,1,-87,832,51.12,100.96,42.96,0.40,0.29
2025-01-22T07:59:50Z,9.58,97.62,85,1,null,827,52.34,100.95,43.95,0.40,0.29
2025-01-22T08:00:50Z,9.56,97.60,85,1,null,861,51.59,100.96,45.09,0.50,0.29
2025-01-22T08:01:50Z,9.60,97.65,85,1,-88,878,54.46,100.96,46.47,0.50,0.29
2025-01-22T08:02:50Z,9.59,97.56,85,1,null,867,53.53,100.96,47.46,0.50,0.29
2025-01-22T08:03:50Z,9.63,97.59,85,1,null,869,49.36,100.96,48.60,0.50,0.29
2025-01-22T08:04:50Z,9.65,97.57,85,1,-86,897,51.80,100.95,50.20,0.50,0.29
2025-01-22T08:05:50Z,9.59,97.65,85,1,null,957,52.13,100.95,52.25,0.50,0.33
2025-01-22T08:06:50Z,9.56,98.04,85,1,null,1030,47.33,100.94,54.84,0.50,0.33
2025-01-22T08:07:50Z,9.59,98.05,85,1,-88,1141,53.78,100.93,57.97,0.60,0.38
2025-01-22T08:08:50Z,9.63,97.95,85,1,null,1237,51.65,100.93,60.94,0.60,0.38
2025-01-22T08:09:53Z,9.63,98.03,85,1,null,1286,55.06,100.93,63.45,0.60,0.43
2025-01-22T08:10:53Z,9.67,98.13,85,1,-89,1328,52.01,100.94,65.13,0.60,0.43
2025-01-22T08:11:53Z,9.69,97.82,85,1,null,1350,54.29,100.94,66.12,0.60,0.43
2025-01-22T08:12:53Z,9.65,97.98,85,1,null,1323,51.38,100.94,66.50,0.60,0.43
2025-01-22T08:13:53Z,9.59,98.35,85,1,-89,1320,54.06,100.93,67.34,0.70,0.43
2025-01-22T08:14:53Z,9.63,98.41,85,1,null,1272,46.37,100.94,67.41,0.60,0.43
2025-01-22T08:15:53Z,9.69,98.38,85,1,null,1226,57.14,100.94,67.41,0.60,0.38
2025-01-22T08:16:53Z,9.77,98.21,85,1,-91,1189,51.58,100.95,67.49,0.60,0.38
2025-01-22T08:17:53Z,9.79,98.01,85,1,null,1152,53.18,100.95,67.57,0.60,0.38
2025-01-22T08:18:53Z,9.75,97.93,85,1,null,1110,50.78,100.95,67.64,0.60,0.38
2025-01-22T08:19:53Z,9.76,98.17,85,1,-91,1079,53.99,100.96,67.79,0.60,0.33
2025-01-22T08:20:53Z,9.73,98.54,85,1,null,1058,53.35,100.96,68.33,0.60,0.33
2025-01-22T08:21:53Z,9.75,98.71,85,1,null,1057,46.66,100.96,69.32,0.60,0.33
2025-01-22T08:22:53Z,9.73,99.12,85,1,-86,1083,48.58,100.95,70.84,0.60,0.33
2025-01-22T08:23:53Z,9.75,98.96,85,1,null,1115,52.66,100.96,72.52,0.60,0.38
2025-01-22T08:24:53Z,9.76,98.99,85,1,null,1157,49.55,100.96,74.04,0.60,0.38
2025-01-22T08:26:00Z,9.77,99.19,84,1,-87,1203,54.76,100.96,75.72,0.60,0.38
2025-01-22T08:27:00Z,9.80,99.09,85,1,null,1244,50.34,100.96,77.39,0.70,0.38
2025-01-22T08:28:00Z,9.87,99.02,85,1,null,1307,47.74,100.95,79.68,0.70,0.43
2025-01-22T08:29:00Z,9.90,98.92,85,1,-87,1399,50.99,100.96,83.10,0.80,0.48
2025-01-22T08:30:00Z,9.96,98.63,85,1,null,1498,52.66,100.95,86.91,0.80,0.48
2025-01-22T08:31:00Z,9.99,98.52,85,1,null,1594,54.41,100.95,90.04,0.90,0.53
2025-01-22T08:32:00Z,9.99,98.29,85,1,-89,1640,51.56,100.94,92.17,0.90,0.53
2025-01-22T08:33:00Z,10.06,98.12,85,1,null,1593,52.87,100.94,91.56,0.90,0.53
2025-01-22T08:34:00Z,10.07,98.02,85,1,null,1560,50.77,100.93,91.33,0.90,0.53
2025-01-22T08:35:00Z,10.11,97.97,85,1,-89,1511,49.72,100.94,91.64,0.80,0.53
2025-01-22T08:36:00Z,10.13,98.02,85,1,null,1426,55.07,100.94,91.25,0.80,0.48
2025-01-22T08:37:00Z,10.10,98.28,85,1,null,1336,57.59,100.94,90.42,0.80,0.48
2025-01-22T08:38:00Z,10.11,98.23,85,1,-88,1277,54.73,100.95,90.49,0.70,0.43
2025-01-22T08:39:00Z,10.13,98.32,85,1,null,1210,57.58,100.95,90.04,0.70,0.43
2025-01-22T08:40:00Z,10.18,98.40,85,1,null,1170,52.98,100.95,90.26,0.70,0.43
2025-01-22T08:41:00Z,10.17,98.09,85,1,-86,1146,55.33,100.95,90.72,0.70,0.43
2025-01-22T08:42:07Z,10.16,98.12,84,1,null,1117,53.18,100.95,91.25,0.70,0.43
2025-01-22T08:43:07Z,10.17,98.35,85,1,null,1086,50.99,100.95,91.25,0.60,0.38
2025-01-22T08:44:07Z,10.16,98.38,85,1,-87,1077,55.91,100.95,91.86,0.60,0.38
2025-01-22T08:45:07Z,10.18,98.43,85,1,null,1069,52.99,100.95,92.63,0.60,0.38
2025-01-22T08:46:07Z,10.18,98.30,85,1,null,1075,51.23,100.96,93.54,0.60,0.38
2025-01-22T08:47:07Z,10.21,98.35,85,1,-85,1081,54.83,100.96,94.53,0.70,0.38
2025-01-22T08:48:07Z,10.18,98.11,85,1,null,1083,53.50,100.96,95.44,0.70,0.38
2025-01-22T08:49:07Z,10.22,98.07,85,1,null,1083,55.00,100.95,96.36,0.70,0.38
2025-01-22T08:50:07Z,10.25,97.91,85,1,-85,1088,57.14,100.95,97.27,0.70,0.43
2025-01-22T08:51:07Z,10.22,98.01,85,1,null,1096,56.55,100.96,98.19,0.70,0.43
2025-01-22T08:52:07Z,10.21,98.10,85,1,null,1100,57.91,100.96,99.10,0.70,0.43
2025-01-22T08:53:07Z,10.22,97.99,85,1,-89,1115,57.40,100.96,100.01,0.70,0.43
2025-01-22T08:54:07Z,10.27,97.99,85,1,null,1120,54.50,100.96,100.93,0.70,0.43
2025-01-22T08:55:07Z,10.28,97.98,85,1,null,1128,54.84,100.96,101.84,0.70,0.43
2025-01-22T08:56:07Z,10.34,98.13,85,1,-90,1140,56.09,100.96,102.76,0.70,0.43
2025-01-22T08:57:07Z,10.31,98.02,85,1,null,1144,60.10,100.97,103.67,0.70,0.43
2025-01-22T08:58:14Z,10.32,98.18,84,1,null,1156,47.48,100.96,104.81,0.70,0.43
2025-01-22T08:59:14Z,10.32,98.12,85,1,-92,1159,62.01,100.97,105.65,0.70,0.43
2025-01-22T09:00:14Z,10.29,98.28,85,1,null,1171,43.84,100.96,106.64,0.70,0.43
2025-01-22T09:01:14Z,10.31,98.25,85,1,null,1175,46.74,100.96,107.33,0.70,0.43
2025-01-22T09:02:14Z,10.31,98.15,85,1,-90,1188,45.03,100.96,108.16,0.70,0.43
2025-01-22T09:03:14Z,10.29,97.78,85,1,null,1192,61.98,100.96,108.77,0.70,0.43
2025-01-22T09:04:14Z,10.29,97.94,85,1,null,1211,47.99,100.97,109.54,0.70,0.43
2025-01-22T09:05:14Z,10.32,97.95,85,1,-95,1230,50.01,100.97,110.45,0.70,0.48
2025-01-22T09:06:14Z,10.29,97.79,85,1,null,1246,50.70,100.97,111.21,0.70,0.48
2025-01-22T09:07:14Z,10.27,97.26,85,1,null,1263,53.36,100.98,112.20,0.70,0.48
2025-01-22T09:08:14Z,10.31,97.43,85,1,-96,1273,52.39,100.97,112.96,0.70,0.48
2025-01-22T09:09:14Z,10.32,97.24,85,1,null,1286,44.18,100.97,113.95,0.80,0.48
2025-01-22T09:10:14Z,10.34,97.21,84,1,null,1297,47.23,100.96,114.72,0.80,0.48
2025-01-22T09:11:23Z,10.34,96.97,84,1,-88,1304,56.30,100.96,115.63,0.80,0.48
2025-01-22T09:12:23Z,10.38,97.20,85,1,null,1302,55.30,100.97,116.24,0.80,0.48
2025-01-22T09:13:23Z,10.32,96.93,85,1,null,1306,52.44,100.97,117.00,0.80,0.48
2025-01-22T09:14:23Z,10.35,97.03,85,1,-88,1310,53.94,100.97,117.69,0.80,0.48
2025-01-22T09:15:23Z,10.35,96.85,85,1,null,1319,48.63,100.97,118.60,0.80,0.48
2025-01-22T09:16:23Z,10.34,96.82,85,1,null,1329,57.38,100.97,119.36,0.80,0.48
2025-01-22T09:17:23Z,10.37,97.02,85,1,-96,1337,55.59,100.98,120.05,0.80,0.48
2025-01-22T09:18:23Z,10.44,97.02,85,1,null,1346,54.95,100.98,120.81,0.80,0.48
2025-01-22T09:19:23Z,10.44,96.99,85,1,null,1348,52.89,100.97,121.65,0.80,0.48
2025-01-22T09:20:23Z,10.45,97.15,85,1,-91,1372,49.49,100.97,122.56,0.80,0.53
2025-01-22T09:21:23Z,10.52,97.06,84,1,null,1379,47.49,100.96,123.09,0.80,0.53
2025-01-22T09:22:23Z,10.52,96.69,85,1,null,1387,52.31,100.96,122.94,0.80,0.53
2025-01-22T09:23:23Z,10.52,97.06,85,1,-92,1377,47.20,100.96,120.81,0.80,0.48
2025-01-22T09:24:23Z,10.61,97.16,84,1,null,1221,44.57,100.95,121.11,0.80,0.48
2025-01-22T09:25:23Z,10.62,97.08,84,1,null,1273,45.86,100.95,123.48,0.80,0.48
2025-01-22T09:26:23Z,10.58,96.95,84,1,-89,1255,45.59,100.95,123.48,0.80,0.48
2025-01-22T09:27:29Z,10.55,96.91,84,1,null,1305,44.04,100.95,126.60,0.80,0.48
2025-01-22T09:28:29Z,10.59,97.11,85,1,null,1358,57.50,100.95,127.97,0.90,0.53
2025-01-22T09:29:29Z,10.56,97.10,84,1,-91,1450,49.51,100.95,131.32,0.90,0.53
2025-01-22T09:30:29Z,10.58,96.75,85,1,null,1673,57.05,100.93,137.26,0.90,0.62
2025-01-22T09:31:29Z,10.65,96.71,85,1,null,1816,50.03,100.93,136.04,1.00,0.62
2025-01-22T09:32:29Z,10.68,96.60,84,1,-91,1801,50.46,100.92,132.16,1.00,0.62
2025-01-22T09:33:29Z,10.69,96.50,85,1,null,1778,47.50,100.93,130.41,0.90,0.62
2025-01-22T09:34:29Z,10.71,96.51,84,1,null,1737,45.37,100.93,129.95,0.90,0.62
2025-01-22T09:35:29Z,10.72,96.59,84,1,-91,1597,45.30,100.94,127.67,0.90,0.57
2025-01-22T09:36:29Z,10.71,96.58,84,1,null,1486,50.51,100.95,126.83,0.90,0.57
2025-01-22T09:37:29Z,10.73,96.76,84,1,null,1463,53.31,100.96,125.68,0.90,0.57
2025-01-22T09:38:29Z,10.66,96.86,84,1,-93,1369,51.17,100.96,125.91,0.90,0.53
2025-01-22T09:39:29Z,10.68,96.89,85,1,null,1321,48.61,100.96,126.98,0.80,0.53
2025-01-22T09:40:30Z,10.66,97.29,84,1,null,1201,46.64,100.96,127.13,0.80,0.48
2025-01-22T09:41:30Z,10.71,97.29,84,1,-90,1314,43.20,100.96,131.32,0.80,0.53
2025-01-22T09:42:30Z,10.61,97.68,85,1,null,1508,47.74,100.96,135.21,0.90,0.57
2025-01-22T09:43:30Z,10.58,97.62,84,1,null,1543,54.81,100.97,136.42,0.90,0.57
2025-01-22T09:44:30Z,10.61,97.66,84,1,-91,1546,50.00,100.97,136.58,0.90,0.57
2025-01-22T09:45:30Z,10.56,97.53,84,1,null,1531,41.25,100.97,137.42,0.90,0.57
2025-01-22T09:46:30Z,10.59,97.70,84,1,null,1549,51.34,100.97,139.32,0.90,0.57
2025-01-22T09:47:30Z,10.62,97.39,84,1,-93,1550,46.61,100.98,139.85,0.90,0.57
2025-01-22T09:48:30Z,10.59,97.17,84,1,null,1534,43.52,100.98,139.40,0.90,0.57
2025-01-22T09:49:30Z,10.56,97.24,84,1,null,1533,51.75,100.99,138.79,0.90,0.57
2025-01-22T09:50:30Z,10.62,97.40,84,1,-88,1544,50.33,100.99,140.08,0.90,0.57
2025-01-22T09:51:30Z,10.66,97.00,84,1,null,1559,45.62,100.98,140.84,0.90,0.57
2025-01-22T09:52:30Z,10.73,96.56,84,1,null,1592,44.59,100.98,141.53,0.90,0.57
2025-01-22T09:53:30Z,10.72,96.51,84,1,-88,1605,57.09,100.99,143.97,0.90,0.57
2025-01-22T09:54:30Z,10.73,96.77,84,1,null,1620,49.37,100.98,145.79,1.00,0.62
2025-01-22T09:55:30Z,10.77,96.97,84,1,null,1625,48.12,100.98,146.86,1.00,0.62
2025-01-22T09:56:30Z,10.75,96.95,84,1,-90,1618,45.26,100.98,147.09,1.00,0.62
2025-01-22T09:57:30Z,10.83,96.49,84,1,null,1618,46.69,100.98,147.39,1.00,0.62
2025-01-22T09:58:30Z,10.83,96.47,84,1,null,1502,54.50,100.97,145.57,0.90,0.57
2025-01-22T09:59:30Z,10.82,96.52,84,1,-90,1600,47.79,100.98,146.63,1.00,0.62
2025-01-22T10:00:30Z,10.84,96.34,84,1,null,1616,56.25,100.98,147.17,1.00,0.62
2025-01-22T10:01:30Z,10.92,96.04,84,1,null,1639,58.46,100.98,148.31,1.00,0.62
2025-01-22T10:02:30Z,10.94,96.28,84,1,-91,1661,54.54,100.99,149.76,1.00,0.62
2025-01-22T10:03:30Z,10.93,96.36,84,1,null,1675,57.29,100.98,151.28,1.00,0.62
2025-01-22T10:04:30Z,10.93,96.44,84,1,null,1704,46.92,100.98,152.19,1.00,0.62
2025-01-22T10:05:30Z,10.94,96.54,84,1,-91,1724,55.08,100.98,153.03,1.00,0.62
2025-01-22T10:06:33Z,11.03,96.74,84,1,null,1746,57.76,100.98,154.17,1.00,0.62
2025-01-22T10:07:33Z,11.09,96.56,84,1,null,1763,56.15,100.98,155.09,1.10,0.67
2025-01-22T10:08:33Z,11.11,96.50,84,1,-94,1790,52.60,100.98,156.38,1.10,0.67
2025-01-22T10:09:33Z,11.10,96.56,84,1,null,1829,49.69,100.98,158.21,1.10,0.67
2025-01-22T10:10:33Z,11.16,96.45,84,1,null,1869,53.33,100.98,160.34,1.10,0.67
2025-01-22T10:11:33Z,11.21,96.27,84,1,-93,1914,56.70,100.98,162.55,1.10,0.67
2025-01-22T10:12:33Z,11.23,95.97,84,1,null,1962,57.06,100.97,164.53,1.10,0.72
2025-01-22T10:13:33Z,11.31,95.83,84,1,null,1985,57.21,100.99,165.37,1.20,0.72
2025-01-22T10:14:33Z,11.31,95.47,84,1,-90,2004,54.12,100.99,166.06,1.20,0.72
2025-01-22T10:15:33Z,11.31,95.90,84,1,null,2008,54.43,100.99,166.36,1.20,0.72
2025-01-22T10:16:33Z,11.30,95.71,84,1,null,2016,57.02,100.98,166.06,1.20,0.72
2025-01-22T10:17:33Z,11.37,95.77,84,1,-90,2048,58.62,100.98,166.51,1.20,0.72
2025-01-22T10:18:33Z,11.38,95.94,84,1,null,2090,54.84,100.98,167.50,1.20,0.77
2025-01-22T10:19:33Z,11.41,95.68,84,1,null,2135,52.41,100.98,168.42,1.20,0.77
2025-01-22T10:20:33Z,11.46,95.31,84,1,-90,2158,50.08,100.97,168.65,1.29,0.77
2025-01-22T10:21:33Z,11.62,94.55,84,1,null,2210,49.85,100.96,169.26,1.29,0.77
2025-01-22T10:22:40Z,11.61,94.27,84,1,null,2297,42.28,100.97,170.78,1.29,0.81
2025-01-22T10:23:40Z,11.62,94.22,84,1,-91,2433,54.14,100.97,175.12,1.39,0.81
2025-01-22T10:24:40Z,11.65,94.43,84,1,null,2579,48.78,100.97,180.53,1.49,0.86
2025-01-22T10:25:40Z,11.61,94.62,84,1,null,2705,56.45,100.97,184.79,1.49,0.91
2025-01-22T10:26:40Z,11.66,94.79,84,1,-91,2853,54.40,100.97,190.28,1.59,0.96
2025-01-22T10:27:40Z,11.76,94.32,84,1,null,3063,55.54,100.97,198.35,1.69,1.05
2025-01-22T10:28:40Z,11.78,94.24,84,1,null,3163,61.58,100.96,201.55,1.69,1.05
2025-01-22T10:29:40Z,11.79,93.85,84,1,-90,3089,63.85,100.95,196.30,1.69,1.05
2025-01-22T10:30:40Z,11.83,93.90,84,1,null,3029,54.10,100.96,194.54,1.69,1.00
2025-01-22T10:31:40Z,11.94,93.62,84,1,null,3023,46.19,100.96,195.99,1.69,1.00
2025-01-22T10:32:40Z,12.10,91.91,84,1,-89,3133,47.95,100.96,203.69,1.79,1.05
2025-01-22T10:33:40Z,12.17,91.26,84,1,null,3288,48.41,100.96,208.64,1.89,1.10
2025-01-22T10:34:40Z,12.17,90.74,84,1,null,3252,57.45,100.96,206.66,1.79,1.10
2025-01-22T10:35:40Z,12.22,90.73,84,1,-89,3206,49.76,100.95,203.53,1.79,1.10
2025-01-22T10:36:40Z,12.22,91.10,84,1,null,3198,49.94,100.96,202.92,1.79,1.05
2025-01-22T10:37:40Z,12.27,89.80,84,1,null,3279,55.57,100.96,206.58,1.79,1.10
2025-01-22T10:38:44Z,12.38,89.22,84,1,-85,3368,52.64,100.95,211.15,1.89,1.10
2025-01-22T10:39:44Z,12.34,89.82,84,1,null,3396,45.56,100.95,212.22,1.89,1.15
2025-01-22T10:40:44Z,12.27,90.31,84,1,null,3432,54.82,100.96,213.97,1.89,1.15
2025-01-22T10:41:44Z,12.28,90.69,84,1,-85,3455,53.92,100.97,215.34,1.99,1.15
2025-01-22T10:42:44Z,12.33,90.40,84,1,null,3491,47.49,100.95,216.71,1.99,1.20
2025-01-22T10:43:44Z,12.28,90.05,84,1,null,3530,51.15,100.96,217.93,1.99,1.20
2025-01-22T10:44:44Z,12.35,89.71,84,1,-91,3583,43.97,100.95,219.68,2.09,1.20
2025-01-22T10:45:44Z,12.33,89.79,84,1,null,3536,48.15,100.94,217.40,1.99,1.20
2025-01-22T10:46:44Z,12.31,90.71,84,1,null,3463,53.56,100.94,214.65,1.99,1.15
2025-01-22T10:47:44Z,12.45,90.01,84,1,-91,3406,52.00,100.92,212.52,1.99,1.15
2025-01-22T10:48:44Z,12.46,90.32,84,1,null,3417,58.59,100.92,213.36,1.99,1.15
2025-01-22T10:49:44Z,12.41,90.64,84,1,null,3470,48.81,100.93,215.64,1.99,1.15
2025-01-22T10:50:44Z,12.45,90.01,84,1,-91,3466,47.32,100.92,215.03,1.99,1.15
2025-01-22T10:51:44Z,12.53,88.81,84,1,null,3434,44.80,100.92,212.52,1.99,1.15
2025-01-22T10:52:44Z,12.56,89.06,84,1,null,3409,52.38,100.92,211.23,1.99,1.15
2025-01-22T10:53:44Z,12.62,88.99,84,1,-91,3425,46.54,100.91,211.84,1.89,1.15
2025-01-22T10:54:47Z,12.62,89.26,84,1,null,3439,46.71,100.92,212.29,1.89,1.15
2025-01-22T10:55:47Z,12.72,88.79,84,1,null,3579,47.09,100.91,217.09,1.99,1.20
2025-01-22T10:56:47Z,12.69,88.71,84,1,-90,3769,49.26,100.91,223.95,2.09,1.24
2025-01-22T10:57:47Z,12.70,89.23,84,1,null,3902,45.92,100.91,228.44,2.09,1.29
2025-01-22T10:58:47Z,12.73,89.41,84,1,null,3975,43.39,100.90,231.56,2.09,1.29
2025-01-22T10:59:47Z,12.73,89.86,84,1,-90,3995,45.87,100.90,230.73,2.09,1.29
2025-01-22T11:00:47Z,12.76,89.89,84,1,null,3999,47.95,100.90,227.91,2.09,1.29
2025-01-22T11:01:47Z,12.87,89.41,84,1,null,3988,49.67,100.90,225.47,1.99,1.29
2025-01-22T11:02:47Z,12.92,89.51,84,1,-90,4046,49.02,100.89,225.85,1.99,1.29
2025-01-22T11:03:47Z,12.99,88.87,84,1,null,4088,45.36,100.89,226.23,1.99,1.29
2025-01-22T11:04:47Z,13.14,88.13,84,1,null,4143,53.16,100.89,226.00,1.99,1.29
2025-01-22T11:05:47Z,13.11,88.66,84,1,-88,4197,49.07,100.90,226.54,1.99,1.29
2025-01-22T11:06:47Z,13.14,88.40,84,1,null,4219,49.31,100.90,226.16,2.09,1.29
2025-01-22T11:07:47Z,13.18,88.53,84,1,null,4294,57.09,100.90,229.66,2.09,1.34
2025-01-22T11:08:47Z,13.17,88.41,84,1,-88,4092,53.16,100.90,230.73,1.99,1.29
2025-01-22T11:09:47Z,13.17,88.35,84,1,null,4251,53.37,100.90,229.74,2.09,1.34
2025-01-22T11:10:50Z,13.11,89.09,83,1,null,4270,53.94,100.90,231.56,2.09,1.34
2025-01-22T11:11:50Z,13.16,88.83,84,1,-87,3760,45.93,100.89,227.68,1.89,1.20
2025-01-22T11:12:50Z,13.11,88.98,84,1,null,3634,48.99,100.89,217.32,1.89,1.15
2025-01-22T11:13:50Z,13.16,88.95,84,1,null,3812,56.51,100.89,224.40,1.99,1.20
2025-01-22T11:14:50Z,13.10,88.92,84,1,-87,4035,46.58,100.89,233.16,1.99,1.29
2025-01-22T11:15:50Z,13.30,87.67,84,1,null,4465,46.69,100.88,240.86,2.09,1.39
2025-01-22T11:16:50Z,13.45,87.49,84,1,null,5493,52.41,100.87,255.33,2.39,1.63
2025-01-22T11:17:50Z,13.46,87.94,84,1,-88,5751,58.82,100.87,259.22,2.49,1.72
2025-01-22T11:18:50Z,13.50,87.97,84,1,null,5706,50.63,100.86,265.84,2.49,1.72
2025-01-22T11:19:50Z,13.59,87.60,84,1,null,5555,42.67,100.86,269.80,2.49,1.72
2025-01-22T11:20:50Z,13.63,87.02,84,1,-87,5742,51.64,100.86,267.90,2.49,1.77
2025-01-22T11:21:50Z,13.63,86.71,84,1,null,5320,51.73,100.86,259.06,2.39,1.63
2025-01-22T11:22:50Z,13.69,86.64,84,1,null,4975,60.06,100.86,247.33,2.29,1.53
2025-01-22T11:23:50Z,13.68,86.51,84,1,-87,4407,58.50,100.87,229.43,2.09,1.34
2025-01-22T11:24:50Z,13.66,87.23,84,1,null,4455,57.62,100.87,229.05,2.09,1.34
2025-01-22T11:25:50Z,13.63,85.82,84,1,null,3938,55.91,100.87,216.63,1.89,1.24
2025-01-22T11:26:57Z,13.58,86.01,83,1,-85,3781,54.95,100.86,208.33,1.79,1.20
2025-01-22T11:27:57Z,13.52,86.49,84,1,null,3741,52.87,100.84,205.51,1.69,1.15
2025-01-22T11:28:57Z,13.62,86.06,84,1,null,3632,57.60,100.84,204.68,1.69,1.15
2025-01-22T11:29:57Z,13.66,86.47,84,1,-85,3447,59.59,100.84,200.64,1.59,1.10
2025-01-22T11:30:57Z,13.62,85.60,84,1,null,3433,57.32,100.83,197.90,1.59,1.10
2025-01-22T11:31:57Z,13.58,86.32,84,1,null,3344,52.47,100.83,194.32,1.59,1.05
2025-01-22T11:32:57Z,13.61,84.79,84,1,-88,3290,53.72,100.82,189.97,1.49,1.05
2025-01-22T11:33:57Z,13.78,83.91,84,1,null,3385,64.12,100.82,189.29,1.59,1.05
2025-01-22T11:34:57Z,14.42,80.12,84,1,null,3547,61.11,100.79,191.95,1.59,1.10
2025-01-22T11:35:57Z,14.70,79.43,84,1,-87,3460,54.97,100.78,189.67,1.59,1.05
2025-01-22T11:36:57Z,14.94,77.89,84,1,null,3468,52.22,100.78,190.74,1.69,1.05
2025-01-22T11:37:57Z,15.03,77.71,84,1,null,3461,56.60,100.78,190.74,1.69,1.05
2025-01-22T11:38:57Z,15.11,76.92,84,1,-86,3337,56.16,100.78,180.60,1.69,1.05
2025-01-22T11:39:57Z,15.54,74.73,84,1,null,3343,64.61,100.78,172.84,1.69,1.05
2025-01-22T11:40:57Z,15.58,74.10,84,1,null,3408,52.02,100.77,167.88,1.69,1.05
2025-01-22T11:41:57Z,15.62,74.17,84,1,-88,3450,54.30,100.77,164.61,1.69,1.10
2025-01-22T11:43:00Z,15.82,72.67,84,1,null,3490,52.42,100.77,162.70,1.69,1.10
2025-01-22T11:44:00Z,15.85,72.56,84,1,null,3633,55.24,100.78,166.97,1.69,1.15
2025-01-22T11:45:00Z,15.75,72.21,84,1,-88,3707,60.83,100.77,170.17,1.79,1.15
2025-01-22T11:46:00Z,15.96,71.70,84,1,null,3713,77.51,100.78,168.95,1.79,1.15
2025-01-22T11:47:00Z,16.04,71.53,84,1,null,3796,53.64,100.78,172.61,1.79,1.15
2025-01-22T11:48:00Z,15.91,71.91,84,1,-90,3924,51.12,100.77,179.08,1.79,1.20
2025-01-22T11:49:00Z,15.93,72.25,84,1,null,4113,55.94,100.78,187.31,1.89,1.24
2025-01-22T11:50:00Z,16.14,71.08,84,1,null,4377,50.31,100.78,200.64,1.99,1.34
2025-01-22T11:51:00Z,16.02,71.77,84,1,-88,4557,50.03,100.79,211.76,2.09,1.39
2025-01-22T11:52:00Z,16.04,71.29,84,1,null,4717,50.76,100.78,219.76,2.09,1.44
2025-01-22T11:53:00Z,16.14,70.46,84,1,null,4829,50.20,100.78,224.48,2.19,1.48
2025-01-22T11:54:00Z,16.25,69.97,84,1,-89,4864,54.69,100.77,226.77,2.19,1.48
2025-01-22T11:55:00Z,16.16,69.69,84,1,null,4817,54.17,100.76,224.10,2.19,1.48
2025-01-22T11:56:00Z,16.49,68.00,83,1,null,4698,48.12,100.74,218.01,2.09,1.44
2025-01-22T11:57:00Z,16.56,67.34,84,1,-89,4588,57.74,100.75,213.66,2.09,1.44
2025-01-22T15:32:14Z,19.18,68.57,84,1,null,419,54.66,101.03,23.92,0.20,0.19
2025-01-22T17:16:49Z,24.04,63.56,82,1,null,797,41.04,101.02,6.55,0.20,0.10
2025-01-22T17:17:17Z,24.45,73.46,-1,1,null,421,44.38,100.99,6.32,0.20,0.10
2025-01-22T17:17:36Z,25.02,69.89,-1,1,null,631,42.45,100.97,5.41,0.20,0.10
2025-01-22T17:18:47Z,24.61,63.77,-1,1,null,422,41.33,101.00,3.88,0.20,0.05
2025-01-22T17:18:59Z,25.18,70.92,-1,1,null,353,42.65,101.02,4.65,0.20,0.10
2025-01-22T17:19:29Z,25.60,66.84,-1,0,null,297,37.72,100.98,1.14,0.10,0.05
2025-01-22T17:21:15Z,25.86,65.68,82,1,null,298,79.13,100.99,1.98,0.10,0.10
2025-01-22T17:22:15Z,25.46,62.15,83,1,null,793,41.37,101.04,6.32,0.20,0.10
2025-01-22T17:23:15Z,25.01,62.42,82,1,null,774,73.47,101.04,6.25,0.20,0.10
2025-01-22T17:24:15Z,24.54,63.10,83,1,null,775,75.18,101.02,6.25,0.20,0.10
2025-01-22T17:25:15Z,24.31,63.42,83,1,null,779,42.93,101.02,6.25,0.20,0.10
2025-01-22T17:26:15Z,23.99,63.74,83,1,null,794,70.93,101.04,6.25,0.20,0.10
2025-01-22T17:27:15Z,23.83,63.89,83,1,null,795,40.78,101.04,6.25,0.20,0.10
2025-01-22T17:28:15Z,23.73,64.25,82,1,null,790,83.29,101.04,6.25,0.20,0.10
2025-01-22T17:29:15Z,23.58,64.16,83,1,null,775,42.83,101.04,6.25,0.20,0.10
2025-01-22T17:30:15Z,23.46,64.57,82,1,null,775,38.24,101.05,6.25,0.20,0.10
